{"count":1,"self":63.7691904,"total":69.4799263,"children":{"AgentResetIfDone":{"count":3384,"self":0.0177383,"total":0.0177383,"children":null},"AgentSendState":{"count":3384,"self":0.0497281,"total":0.3139771,"children":{"CollectObservations":{"count":4429,"self":0.264249,"total":0.264249,"children":null}}},"DecideAction":{"count":3384,"self":4.9677228,"total":4.9677226999999995,"children":null},"AcademyStep":{"count":3384,"self":0.0099884,"total":0.0099884,"children":null},"AgentAct":{"count":3384,"self":0.4003114,"total":0.4003114,"children":null}}}