{"count":1,"self":9.4436768,"total":10.4128591,"children":{"AgentResetIfDone":{"count":318,"self":0.0057967999999999995,"total":0.0057967999999999995,"children":null},"AgentSendState":{"count":318,"self":0.0148245,"total":0.0898202,"children":{"CollectObservations":{"count":954,"self":0.0749957,"total":0.0749957,"children":null}}},"DecideAction":{"count":318,"self":0.7563847,"total":0.7563847,"children":null},"AcademyStep":{"count":318,"self":0.0019984,"total":0.0019984,"children":null},"AgentAct":{"count":318,"self":0.1141857,"total":0.1141857,"children":null}}}