{"count":1,"self":84.2215616,"total":32679.286422399997,"children":{"AgentResetIfDone":{"count":236251,"self":0.6543743,"total":0.6543743,"children":null},"AgentSendState":{"count":236251,"self":5.0629048,"total":59.213768099999996,"children":{"CollectObservations":{"count":1417512,"self":54.1508608,"total":54.1508634,"children":null}}},"DecideAction":{"count":236251,"self":32449.724415999997,"total":32453.083726499997,"children":{"AgentInfo.ToProto":{"count":354378,"self":3.3585423999999997,"total":3.3585423999999997,"children":null}}},"AcademyStep":{"count":236251,"self":0.4089598,"total":0.4089598,"children":null},"AgentAct":{"count":236251,"self":81.7020352,"total":81.70203699999999,"children":null}}}